{"count":1,"self":727.1719936,"total":4501.2229286,"children":{"InitializeActuators":{"count":15,"self":0.0025134,"total":0.0025134,"children":null},"InitializeSensors":{"count":15,"self":0.0015044,"total":0.0015044,"children":null},"AgentSendState":{"count":357717,"self":4.4260855999999995,"total":20.4388604,"children":{"CollectObservations":{"count":1073160,"self":3.9636251999999996,"total":3.9636253,"children":null},"WriteActionMask":{"count":1073160,"self":0.69668409999999992,"total":0.69668409999999992,"children":null},"RequestDecision":{"count":1073160,"self":2.9078436,"total":11.3524652,"children":{"AgentInfo.ToProto":{"count":1073160,"self":2.7887492,"total":8.444621699999999,"children":{"GenerateSensorData":{"count":1073160,"self":5.6558724,"total":5.6558724,"children":null}}}}}}},"DecideAction":{"count":357717,"self":3733.6174591999998,"total":3733.6175528999997,"children":null},"AgentAct":{"count":357717,"self":19.707110399999998,"total":19.714184499999998,"children":{"AgentInfo.ToProto":{"count":337,"self":0.0025017999999999998,"total":0.0070735,"children":{"GenerateSensorData":{"count":337,"self":0.0045717,"total":0.0045717,"children":null}}}}},"AgentInfo.ToProto":{"count":7581,"self":0.11659689999999999,"total":0.2743117,"children":{"GenerateSensorData":{"count":7581,"self":0.1577148,"total":0.1577148,"children":null}}}},"gauges":{"Bike Ride.CumulativeReward":{"count":7918,"max":15,"min":-19,"runningAverage":-4.86198044,"value":-5,"weightedAverage":-5.06358242}},"metadata":{"timer_format_version":"0.1.0","start_time_seconds":"1685167629","unity_version":"2022.2.21f1","command_line_arguments":"C:\\Program Files\\Unity\\Engine\\2022.2.21f1\\Editor\\Unity.exe -projectpath D:\\unity\\bicycle sim -useHub -hubIPC -cloudEnvironment production","communication_protocol_version":"1.5.0","com.unity.ml-agents_version":"2.3.0-exp.3","scene_name":"SampleScene","end_time_seconds":"1685172130"}}